{"cameraMode":{"drawMode":0,"name":"Shaded","section":"Shading Mode"},"sceneLighting":true,"audioPlay":false,"sceneViewState":{"m_AlwaysRefresh":false,"showFog":true,"showSkybox":true,"showFlares":true,"showImageEffects":true,"showParticleSystems":true,"showVisualEffectGraphs":true,"m_FxEnabled":true},"in2DMode":false,"pivot":{"x":5.154724597930908,"y":2.6775524616241457,"z":2.2477850914001467},"rotation":{"x":0.06778707355260849,"y":0.6164877414703369,"z":-0.053398702293634418,"w":0.7826353311538696},"size":5.760956287384033,"orthographic":true}