{"cameraMode":{"drawMode":0,"name":"Shaded","section":"Shading Mode"},"sceneLighting":true,"audioPlay":false,"sceneViewState":{"m_AlwaysRefresh":false,"showFog":true,"showSkybox":true,"showFlares":true,"showImageEffects":true,"showParticleSystems":true,"showVisualEffectGraphs":true,"m_FxEnabled":true},"in2DMode":false,"pivot":{"x":13.097119331359864,"y":-2.8504607677459719,"z":7.948739528656006},"rotation":{"x":0.3536567986011505,"y":0.13347487151622773,"z":-0.051065925508737567,"w":0.9243995547294617},"size":8.718950271606446,"orthographic":true}